yellow,1
four,3
woods,3
aegis,1
hanging,1
woody,1
grenier,1
electricity,3
lori,1
lore,1
lord,4
lora,1
shaving,2
digix,1
lumio,1
storytime,1
bringing,8
jrpg,2
basics,3
probiotic,1
customizable,3
prizm,1
gotenna,1
grifters,1
nigh,1
aeterno,1
splendiferous,1
pulse,5
miniatures,19
second,12
sustaining,1
modifi3d,1
loathing,1
brexit,1
whaling,1
cooking,3
doubbletime,1
designing,1
admiral,1
wuju,1
pioneering,1
hero,11
aquaponics,1
herb,1
remee,1
here,6
atoms,1
china,1
cult,1
kids,8
webseries,1
xa0punctureless,1
stravaganza,1
golden,4
projection,4
smartguitar,1
replace,1
brought,1
conduction,1
spoke,1
prvke,1
symphony,2
music,27
strike,2
lametric,1
holy,2
successful,2
binding,1
glass,5
reversible,3
hole,1
hold,1
balise,1
mixfader,1
foodie,1
chasm,1
dragons,4
titanium,28
pocketdojo,1
fibonacci,1
want,8
organizer,4
organizes,1
reimagined,6
15000mah,1
u0440,1
travel,27
feature,18
machine,9
machina,1
gaming,26
beauty,2
barisieur,1
apocrypha,1
wrong,2
sitpack,1
starlight,1
sioux,1
machin3,1
revols,1
revolt,1
wink,1
keeps,3
wing,1
wind,1
wine,3
feedback,1
schmancy,1
fidelity,1
demento,1
backpack,17
survivors,1
hidden,7
easier,1
connex,1
effects,1
yourself,4
silver,6
kevlar,1
acme,1
debut,3
wooden,4
tylt,2
gumshoe,1
bumprz,1
telescope,2
series,27
allan,1
commons,2
historiskan,1
ring,13
golem,1
heavym,1
jewelbots,1
mason,3
adapt,1
hangouts,1
cosmochoria,1
millions,1
dracula,1
fugitive,1
sensors,3
gameplay,1
cornerstone,1
devastation,1
shipped,1
disturbed,1
speedx,1
steroids,2
metperial,1
humanitarians,1
channels,1
wash,1
spinning,4
breathalyzer,2
pulsar,1
solstice,1
service,2
lego,3
returns,3
needed,1
master,4
deadlands,2
bitter,2
genesis,2
listen,1
clannad,1
cubes,4
esington,1
crawl,1
trek,8
elegant,4
outlaw,1
tree,4
shower,3
idle,2
endure,1
bullrest,1
runner,1
boston,1
spectrum,1
person,2
responsible,1
grips,2
kremlin,1
welly,1
limitless,1
simplify,3
addict,1
letter,1
entry,1
macbook,4
thriller,3
dummy,1
singer,2
episode,2
camp,2
spoolee,1
knotless,2
tech,4
halfsies,1
came,2
hackrf,1
boogie,1
bomb,1
chirps,1
u2014making,1
rediscovers,1
lessons,1
orleans,1
1543,1
theme,3
bliss,1
rich,1
mend,1
rice,1
plate,5
godzilla,1
pocket,30
tungsten,1
greyport,1
release,12
atomic,3
aledorn,1
disaster,3
fair,2
gamestick,1
fail,1
skulls,3
best,62
oceanic,1
lumini,1
rings,2
score,1
yogurt,2
pirate,5
u2014two,1
nationwide,2
nature,2
lumos,1
carbon,6
roller,1
planner,14
country,1
adapter,8
adventures,7
edgar,1
levitating,1
quests,2
cutterpillar,1
stojo,1
union,1
chroma,1
synchronicity,1
wyman,1
life,46
eastern,1
worker,2
wish,2
joust,1
child,1
spin,1
lifx,1
adaptations,1
phonedrone,1
kaosball,1
eligh,1
haptix,1
toolkit,1
player,7
sbires,1
haptic,1
conditioner,2
hone,1
hong,2
marshlands,1
things,7
toaster,1
miami,4
rebellion,1
fatal,1
split,1
brixo,1
retrakt,1
effortlessly,1
tops,3
openshot,1
rulebook,1
tammany,1
tune,2
stupendous,1
jedediah,1
academia,1
echoes,2
sleeps,1
forsaken,3
gopano,1
lasso,1
collectibles,1
slicer,1
ease,2
oligodynamic,1
easy,23
east,1
elevation,2
nanosuction,1
survival,18
possible,1
birth,1
shadow,6
unique,5
#freeyourfeet,1
massively,1
psychological,1
articulated,1
bobby,1
alice,2
remind,1
steps,1
sebastian,1
attorney,1
right,4
creek,1
people,10
macabre,1
boyshorts,1
crown,2
cordcruncher,1
gyroscopic,1
bottom,2
creative,5
shaker,3
soscharger,1
shifting,1
starring,7
nuimo,1
stokes,2
dollars,1
citizens,1
batband,1
raised,1
magazines,1
wrap,2
calaveras,1
reducing,1
soon,1
unclip,1
fabric,1
support,7
nova,4
loreti,1
jane,3
keydisk,3
happy,4
waycap,1
thesaurus,1
notifications,1
reinventing,3
hiddenradio2,1
duel,2
inside,6
devices,12
lays,1
duet,1
hoptop,1
refillable,1
backlighting,1
earthlock,1
dropsy,2
textbook,1
tiktok+lunatik,1
stylusflex,1
tim3,1
zano,1
floor,1
crowns,1
flood,1
role,8
sandalen,1
jenkins,1
developers,1
zipseam,1
roll,5
leacock,1
models,2
larp,1
intent,1
rolling,3
tivoli,1
spades,1
time,43
push,6
looncup,1
slope,1
chain,1
activated,2
ekster,1
theaters,1
rmdlo,1
bandits,1
convoy,1
baller,1
bicycles,3
awarecar,1
veterans,2
recipe,1
exogenesis,1
doko,1
choice,1
ghostbusters,2
stays,1
bestiary,2
minute,6
henrietta,1
cooks,1
jyhad,1
acteon,2
wakawaka,2
flipbook,1
leave,1
subway,1
team,3
bonfire,1
prismata,1
thinkers,1
meadow,1
prediction,2
erotic,1
shirts,3
anaconda,1
headset,4
burch,1
current,1
uff01,1
pocketscan,1
boost,1
meld,1
nemesis,1
alone,1
xtreme,1
hypnospace,1
redemption,2
brilliant,2
funded,7
love,15
choosable,1
ferrofluid,1
ilumi,1
homesick,1
angry,1
druids,1
scope,1
wicked,1
introducing,1
chopin,1
oregon,1
visual,15
goods,2
everywhere,5
scratches,1
easiest,4
wool,1
currency,1
lumberjack,1
pretend,1
printing,6
locke,1
pocketable,2
awesome,11
hides,1
posthuman,1
monitoring,4
winter,3
coleman,1
lido,1
laundry,3
explorer,1
spor,1
spot,1
mythos,3
applications,1
revealed,2
pogo,1
natural,16
oculus,1
dreamband,1
xf8le,1
sandbox,4
skirmish,1
wolves,2
u0442,1
kone,1
kong,2
course,7
episodes,2
razors,2
magbelt,1
muku,1
covertly,1
creations,2
suspension,1
instantly,3
smarter,13
insomnia,2
thalia,1
records,1
twilight,3
quarter,4
emberlight,1
turtle,1
prisma,1
square,4
breakthrough,1
troll,1
canvas,1
squared,1
abbadon,1
exploding,1
internet,8
formula,1
squares,2
cobi,1
ascendant,1
siege,1
sheffield,1
million,2
recordings,2
xa0iphone,2
poems,1
ravenectar,1
training,1
recon,1
orion4sight,1
punk,3
ostrich,3
kathleen,1
separator,1
massive,3
router,4
philographics,1
saving,4
zioneyez,1
savino,1
open,23
nanoleaf,2
city,18
wrath,3
bite,1
ainste,1
structures,1
sentinels,4
meddling,1
ridiculous,3
keyround,1
boyfriend,1
adoptable,1
spintop,1
piderman,1
future,15
russia,1
watchfaces,1
mindfulness,1
turned,3
jewels,1
dysis,1
warriors,1
microcontrollers,1
note,1
flossing,1
nota,1
take,8
destroy,3
jaha,1
cadets,1
printer,21
altered,1
molecule,1
elevenses,1
printed,7
average,1
phil,1
drive,9
federal,2
u044f,1
refining,1
obsidian,1
atlantic,1
salt,3
mercenaries,1
laws,2
cobra,1
foldio360,1
tidashi,1
friction,1
dorkness,1
hopes,1
bright,2
keysy,1
imagined,3
slow,2
pressy,1
robo,5
going,2
hockey,1
narcissu,1
blinds,1
xf0ir,1
clang,1
outlet,2
clans,1
prime,1
resource,2
artist,2
tikr,1
tiko,1
where,10
vision,5
huniepop,1
firesleeve,1
impressions,1
akaneiro,1
nostrum,1
heterodyne,1
decks,2
vertical,2
screen,9
spark,4
many,4
deduction,2
magbounce,1
ants,2
anti,7
3000,3
sentinel,1
twig,1
boomr,1
teddy,1
west,5
prototypo,1
stripped,3
wants,1
lanes,1
thousand,2
formed,1
photos,4
former,1
isabelle,1
tribal,1
engineering,2
kittyo,1
aluminium,1
loish,1
bros,1
brom,1
ambient,1
technology,7
binary,1
wiring,1
surveillance,1
otto,1
visually,1
wires,1
edged,2
boosted,1
rfid,12
barber,2
italian,2
costa,1
tracking,5
batterybot,1
genie,2
xdcllo,1
dimension,2
trainz,1
whitfield,1
being,3
elysian,1
rest,2
recycled,1
sprayer,1
vamp,2
weekly,2
polyhedral,1
civil,1
color,6
skies,1
starving,1
around,1
omiebox,1
dart,1
dark,22
gothitropolis,1
traffic,1
vacuum,2
world,177
shutter,1
clay,1
revision,1
clap,1
auditorium,1
elements,4
gilmore,1
wipebook,3
divine,1
composers,1
wristband,2
tote,1
codak,1
memories,4
tobago,1
pathogenesis,1
woollip,1
dresden,2
power,24
vivian,1
iconic,2
homesweet,1
toymail,1
stone,7
origins,1
package,2
industry,1
favorite,3
meal,1
win10,1
chronograph,1
rebooted,1
moonshot,2
chivalry,1
curling,1
burning,4
freaker,2
headsets,1
antidote,1
ineffable,1
widower,1
gnarbox,1
deadzone,2
essen,1
snakes,1
u58f0,1
weiwei,1
mindless,1
symbiosis,1
complete,14
corvus,1
with,116
featuring,5
buying,1
rage,1
torso,1
darker,1
detailed,1
gone,1
johnny,2
doug,3
watches,10
seekios,1
yokohama,1
cream,2
angelica,1
yoga,8
28mm,1
backpaix,1
yogi,1
2000,1
tight,1
terratech,1
demigods,1
gloomhaven,1
herbs,1
silvon,1
mechanical,6
robotboat,1
omnibus,4
mask,3
mass,2
original,11
u66b4,1
miggo,1
fishbone,1
turbocharged,1
zappa,1
cthulhu,17
hunting,2
tail,1
temperfect,1
smile,1
overpowered,1
puzzles,2
diary,1
condition,1
cable,26
mistborn,2
laying,1
jorno,1
large,2
pesky,1
sand,1
facsimile,1
small,9
warbands,1
angelou,1
tardis,1
past,1
displays,3
pass,1
luuup,1
menswear,1
clock,7
method,1
full,11
godbound,1
strata,1
hours,2
smartest,9
u2714,2
legend,6
melancholia,1
u300d,1
experience,18
pico,4
emulator,1
social,3
action,19
ugears,2
corti,1
fluux,1
carmageddon,1
butcherbox,1
knit,1
automata,1
tmouse,1
archives,1
fragrance,1
morf,1
more,41
teen,1
british,1
door,1
bookstarter,1
company,4
tested,1
nomad,2
foundations,1
doom,1
tees,1
bedford,1
fleece,1
lilly,1
science,13
mall,1
armello,1
evolved,2
learn,18
knocked,1
pick,2
beautiful,11
sensu,1
reincarnation,2
xa0turn,1
sense,1
blindsprings,1
ponty,1
dress,2
simurgh,1
axis,1
huge,1
xf9iti,1
otaku,2
stitch,1
glowing,1
musicians,1
scifi,3
ivins,1
creature,2
sprinkle,1
plans,1
soundtrack,2
waves,1
flutter,1
xe1pido,1
django,1
lignite,1
pant,3
trade,1
brik,2
attitude,1
paper,14
scott,4
signs,1
broadway,1
laced,1
pronto,1
polarizing,1
roguelike,6
onelid,1
ruining,2
nifty,1
licki,1
sauce,6
lacey,1
lowell,1
sucker,1
plugfones,1
snapjet,1
thornwatch,1
odin,2
mesmerizing,1
always,2
osiris,1
courses,1
found,1
u2013,48
u2014,17
bendy,1
outerlands,1
operation,1
scribe,1
really,3
research,3
solforge,1
hangers,2
occurs,1
localization,1
bedlam,1
imaging,1
atma,1
director,1
pairs,1
diaspora,1
huggers,1
bumper,3
cyanide,1
castle,1
bernie,1
contender,1
feeder,1
guest,1
ultrathin,1
fantagraphics,1
spock,1
saint,1
molecular,1
xa0film,1
feels,1
unexploded,1
zeppelin,1
focusing,1
jumpshot,1
hollywood,1
obama,1
polarized,2
critically,1
swiveling,1
levels,1
freud,1
annihilation,1
polarizer,1
teensy,2
multipurpose,1
hidrate,1
fights,1
lattepanda,1
permanence,1
self,12
percko,1
sentai,1
olafur,1
kd+gdb,1
affordability,1
confluence,1
plan,3
stayblcam,1
henchmania,1
barrel,3
favela,1
microsoft,1
gold,3
doubleclicks,2
almes,2
hornets,1
blender,1
impact,3
d20pro,1
indicator,1
keychain,11
undying,1
removable,1
adventurers,2
sunny,1
actions,1
banner,2
enemy,1
earskinz,1
sleeve,1
leclue,1
belles,1
river,1
rivet,1
chasers,3
kaijujin,1
creator,4
analog,1
project,46
spirits,2
formely,1
squatch,1
demons,1
perilous,1
voyager,1
nope,2
monsters,4
europe,2
aeronauts,1
condyle,1
javascript,3
incident,1
womanthology,1
skilling,1
interface,3
pagan,1
improved,2
hyperlink,1
thou,1
connection,3
thon,1
battlemap,1
steadxp,1
whole,4
nataly,1
load,1
majesty,1
bell,4
speedlite,1
community,3
hollow,1
agents,4
snatoms,1
belt,14
devil,1
publishing,1
monthly,2
acceptance,1
lets,1
initiation,1
flewn,1
sealark,1
fire,10
fund,2
racer,2
palmiotti,1
nuplug,1
straight,1
expanded,1
budget,1
sesame,1
robin,3
moth,1
motors,1
mycroft,1
litographs,3
tinyduino,1
triple,2
beautifully,2
chargelight,1
yuasa,1
raiders,2
rollable,1
fibers,1
read,1
yeti,1
wasteland,3
snail,2
luvisi,1
alert,2
wunderkind,1
cucumber,3
stack,2
infamous,2
euro,2
everdock,2
tokaido,1
kello,1
seespace,1
stonehearth,1
concrete,1
theatres,1
sims,1
bitbox,1
listening,1
teramyyd,1
styled,1
lester,1
hercules,1
hobbes,1
wearable,11
omnivore,1
sunless,1
fitting,1
pillars,2
pinball,6
parents,1
crying,1
diluvion,1
australia,1
smartwatches,1
emergency,2
demands,1
shitty,1
quest,23
aerospace,3
emergence,1
projects,1
wirelessly,1
spine,1
gaiman,3
vitruvian,1
stylish,6
spins,1
bulkowski,1
spring,2
codemancer,1
wireboot,1
bouncy,1
mighty,4
sight,1
curious,2
battalion,1
pale,1
ursula,1
kegel,1
mummy,1
bluffworks,2
religion,1
dating,4
temple,1
fly12,1
object,1
odor,3
feelings,1
magbeam,1
drinkware,1
anything,5
restyle,1
whiteboard,2
wrinkles,1
foldio2,1
garbage,1
visionnaire,1
into,28
next,23
interactivity,1
arcade,10
mythic,3
wundersch,1
penxo,1
sock,6
custom,14
occupy,1
campanion,1
downloadable,1
suit,3
fragmented,1
jacks,1
linx,1
jewish,1
poster,2
pro30,1
barman,1
link,5
pyxis,1
atom,2
line,4
rigidbot,1
mature,1
medical,1
aerial,2
armstrong,1
raging,1
deformable,1
influence,3
animusic,1
takedown,1
facebook,1
paradox,1
codex,3
uranium,1
noke,2
sails,1
sorcerer,1
potion,1
beginnings,1
lucid,1
robots,1
slice,1
land,3
barkley,2
kinetics,1
beverage,4
oracle,1
fresh,11
menace,1
hello,4
code,13
discontent,1
oblivaeon,1
scratch,1
astronauts,1
eimear,1
illustrated,5
iems,1
softer,3
flashback,1
shrugged,1
shoelaces,1
backlight,1
young,4
send,1
talkase,1
quickdraw,1
wipy,1
garden,6
continues,3
icontrolpad,1
3doodler,2
balls,3
magic,14
race,3
reich,1
leonardo,1
rack,1
templesmith,1
copter,1
recruitment,1
video,33
reinvented,17
victor,1
twine,1
playbulb,2
bird,1
punch,1
great,6
engage,1
technical,1
journeyman,1
popcord,1
makey,4
gstick,1
makes,12
explain,1
holmes,2
istick,1
firefox,1
starship,2
zpocalypse,1
tools,7
standing,3
sketchbook,6
francis,1
micaton,1
throw,2
pixelstick,1
lepidoptera,1
pencil,5
infamy,1
lucida,1
dealings,1
baby,3
infragram,1
bansho,1
this,12
athlete,1
thin,7
process,1
lock,10
slim,18
pieces,1
high,20
bones,10
slip,2
syre,1
freewavz,1
paws,1
paww,1
educational,2
docking,2
compounded,2
fashionpedia,1
lunchbox,2
animal,5
wolf,2
comedy,7
intelligent,7
blocks,2
catacomb,1
notebook,10
fits,8
jamstik+,1
counter,2
robot,16
element,1
facecradle,1
classy,2
volunteers,1
houston,1
roosport,1
heater,1
shopkeeping,1
move,5
mova,1
produced,1
spatula,2
piconsole,1
operative,1
perfect,15
crabby,1
+filter,1
u2022,8
2015,11
2014,8
2017,3
2016,7
2013,5
2012,3
designs,3
kisa,1
vonnegut,2
python,9
nada,1
mediocre,1
dock,14
asymmetrical,1
kiss,2
chargecard,1
minimalist,22
mysaver,1
truth,1
fields,1
glasses,4
doing,1
society,3
books,16
u3010project,1
jagged,1
statik,1
wander,2
shannon,1
limousines,1
hilarious,2
adaptive,1
micropython,1
shut,1
npcs,1
minaal,2
republique,1
gardner,1
shui,1
scary,1
spill,1
could,2
krampus,1
david,2
length,5
everykey,1
achtung,1
davis,2
poquito,1
thunderbirds,2
touring,1
autographed,1
affliction,1
prank,1
festival,3
heirloom,1
traveller,1
system,34
einstein,2
lumen,1
lacing,2
iota,1
anylink,1
shorts,3
pressurized,1
virtuali,1
elite,3
@tastyminstrel,1
steel,3
warfare,1
roulette,1
geckotek,1
adventurequest,1
deodorant,2
defending,1
periotwist,1
permadeath,1
handsfree,1
inslip,1
hammer,2
lilo,1
reloaded,1
xe8re,1
400+,1
babes,1
lily,1
soap,1
toughest,1
worldwide,1
pyramids,1
deadsville,1
device,9
400x,1
placement,2
smartbone,1
strawbees,1
keyring,3
face,1
kutter,1
brew,5
xb5peek,1
painting,4
bring,16
bikes,5
greenhouse,1
yolkr,1
asylum,1
economist,1
#teammopra,1
decade,2
noir,5
mute,1
should,1
terminal,1
tape,4
printers,1
riding,1
hope,4
insight,1
handle,1
means,1
lucky,5
embers,1
abby,1
smash,1
wool&prince,1
stuff,3
streamlined,1
frame,6
tabletopia,1
silvertech,1
heaters,1
wire,2
superhero,1
destiny,1
nuclear,1
email,2
disgruntled,1
ends,3
butts,1
glorantha,2
drinkmate,2
tuskegee,1
fidelitas,1
rams,2
figures,10
cinder,1
~perils,1
crafted,1
darkspore,1
powered,7
1429,1
lampster,1
dazzling,1
viticulture,1
dragonlock,2
hottest,2
waste,1
trinity,1
tyche,1
commuter,2
pixies,1
ibox,1
graphics,2
joulies,1
halfbike,1
ultra,12
omni,1
hangable,1
insanely,1
site,1
lust,1
cowtech,1
sherlock,1
firebringer,1
ransom,1
tattoo,1
romance,4
android,42
ball,4
infinity,3
grafton,1
drink,4
xf4na,1
monikers,3
robotic,2
dust,4
identity,2
detergents,1
750+,1
command,5
audio,14
drawing,4
dreadball,3
newest,1
rifftrax,4
less,11
moments,1
rooms,1
paul,1
wingstand,1
edyn,1
microsd,2
cosmetics,1
magcable,1
fairies,1
five,4
desk,8
password,2
pier,1
thrill,1
onion,2
become,1
artbook,2
mohu,1
habitat,1
footage,1
thief,2
glyph,1
literally,1
bedding,1
beastgrip,1
megatokyo,1
does,3
passion,4
zipi,1
blackwake,1
almond+,1
pressure,3
minigame,1
lifestyle,3
puts,1
angeles,2
chrome,1
dimmable,1
documentary,45
executives,1
alliance,1
sensorwake,1
luna,1
tenra,1
austen,1
covr,1
mykee,1
meeples,2
frustration,2
nourishmat,1
naturally,2
funnel,1
construction,3
xbox360,1
apollo,4
count,1
zeman,1
places,1
shrunk,1
official,5
smooth,1
harvested,1
dungeoneering,1
triggertrap,1
ricefield,1
jesse,1
deadly,1
forests,1
bigfoot,1
stockpile,1
illusion,1
francisco,1
tides,1
lightors,1
badass,1
mastermind,1
ghost,7
dave,3
rule,4
mercenary,4
superfight,2
monstrous,2
gardens,1
unspeakable,1
kickstart,1
magnetic,26
entropy,1
saved,1
al13,1
invaders,1
bike,24
ergo,1
regalia,2
blanket,3
traptap,1
watterson,1
investigator,1
pinch,1
disc,1
nfor,1
poppy,1
phones,7
horn,3
chef,3
machines,2
xeda,1
gamedev,1
above,1
lizzie,2
diabotical,1
crunch,1
simultaneously,1
protection,11
pursuit,1
burgle,1
gerry,1
watchers,1
study,1
icons,2
tahira,1
flache,1
uspc,2
secure,6
uberdark,1
standstand,1
highly,1
glance,1
plot,1
shinobigami,1
coins,9
kisslink,1
fractions,1
reign,3
codespells,1
backwards,1
blocking,5
handkerchiefs,1
word,3
wore,1
work,9
eclipse,1
tinder,1
mechanic,1
membus,1
getbetterback,1
serpent,2
indie,6
bible+devotional,1
nozzle,1
india,1
heartless,1
indies,1
vinhos,1
u2014100%,1
chameleon,1
nuts,1
morbid,2
rewind,1
interview,1
ordinary,1
beach,3
sunrider,1
pizza,1
after,2
damaged,1
cosmonaut,1
greek,2
green,7
order,4
gurps,1
defenders,3
finest,1
innovative,2
japan,6
smartbottle,1
ecoqube,2
somewhere,1
avocado,1
denver,2
production,3
strafe,1
loogun,1
then,1
coffee,27
basecamp,2
safe,2
break,3
band,10
bang,1
bank,2
bread,1
dingo,1
kobolds,1
poorcraft,1
speros,1
rocki,1
hardback,1
twinsters,2
384gb,1
xulima,1
motorized,1
cameras,3
diesel,1
trainers,2
strangers,1
forte,1
u2019s,17
forth,1
oskar,1
wakfu,1
chumbawamba,1
standard,1
techno,1
enlightened,1
certified,1
delver,1
created,1
writhing,1
luong,1
3dsimo,1
creates,1
aquanox,1
blackout,1
organize,3
xiki,1
another,1
drones,1
comic,13
tangle,1
electronic,5
mojo,1
angleworm,1
neck,1
elevator,1
compromise,1
john,5
40th,1
dogs,3
kiwi,2
stixs,1
decentralize,1
enhancing,1
albert,1
programmable,2
regretsy,1
tavern,3
mercs,1
scenes,2
snaplaces,1
iron,9
minus,1
keysquare,1
playsets,1
flavorful,2
forced,2
strength,1
realm,2
convenient,2
rockwell,3
rome,3
tikker,1
luxury,5
circles,1
bruce,1
iceland,1
ebook,2
anatomy,5
phase,3
grave,2
flops,2
hanna,1
lacuna,1
retronauts,1
bracket,2
wildcard,1
notion,1
roleplaying,10
dames,1
galunker,1
anniversary,9
mopra,1
starkid,2
foraging,1
odan,1
skye,1
bodyboss,1
broodhollow,2
nightwar,1
personality,1
imperium,2
doompocalypse,1
stasis,1
tagonce,1
leisure,1
u2013motorize,1
runs,2
morph,2
gears,2
steam,9
analytics,1
miserable,1
grimoire,1
iblazr,2
away,3
gentleman,1
swimwear,1
arcana,4
encounters,1
shields,2
amplitude,1
xf6ne,1
xpand,1
kitchen,7
climate,2
balrum,1
kommer,1
tough,1
u263c,1
timelapse+,1
royal,2
icescreen,1
guin,1
tony,2
refill,1
tripsaver,1
wraith,1
u2014english,1
nalla,1
slimmest,1
drafting,3
baman,1
westport,1
flexible,3
scarecrow,1
families,1
beloved,1
relaxing,1
smartwatch,8
bronycon,1
launcher,1
bifold,1
powerqube,1
voice,4
launched,1
lavabit,1
have,4
catlateral,1
audrey,1
cone,1
exile,1
descent,3
dagon,1
miniature,8
perform,2
sheltered,1
wheel,5
bikelight,1
evil,5
hand,6
animations,1
orgasme,1
1973,1
renegades,2
udoo,3
client,1
mytype,1
musical,5
uniquely,1
rpgs,2
gods,5
goggles,1
thanks,1
coros,1
normandie,3
cornell,1
josh,1
reuniting,1
passive,1
wright,2
board,61
xpump,1
viking,2
shoulder,1
usable,1
maya,1
boxed,1
boxes,1
boxer,1
designers,3
reusable,6
cooler,4
scooping,1
ufe0f,1
xbox,1
shadowrun,3
nwhl,1
night,17
security,2
mazer,1
kitaru,1
farmageddon,1
born,2
productions,1
porthole,1
mazel,1
purple,1
wrenchit,1
noenemies,1
peel,1
chaosmos,1
shogun,1
illustration,1
silverair,3
post,4
typeface,1
musguard,1
anima,1
anime,8
octopus,1
dilemma,1
4004,1
bound,1
creem,1
unwired,1
deception,7
gamebook,1
shotguns,2
fight,7
mutated,1
lithiumcard,1
editions,2
scratchjr,1
fresnel,1
becoming,1
chainmail,1
taken,1
spiderlight,1
catalyst,1
true,10
reset,2
maximum,2
crystal,3
mails,1
moore,3
computing,1
tesla,4
evidence,1
xa0streamlining,1
litewire,1
mold,1
archive,1
physical,3
shereadstruth,1
dying,1
snaak,1
handmade,3
reality,8
sportsfriends,1
platypod,1
wolaco,1
shrink,1
brothers,1
undertale,1
welcome,2
omega,4
flag,2
together,2
hiit,1
songs,3
dance,1
global,4
fabricated,1
ruuvitag,1
battle,16
eternals,1
superpower,1
layers,1
heller,1
zone,1
flask,4
pretense,1
flash,13
acpad,1
watchmen,1
humn,2
scarabs,1
tusk,1
grisaia,1
protective,1
boombot,1
boombox,1
vegan,3
vegas,1
anonymous,1
toejam,1
blast,1
scandinavia,1
presented,1
turns,3
cruxskunk,1
killing$,1
woven,1
revolution,15
discover,1
muzo,1
bold,2
cargo,1
curse,3
havok,2
truforce,1
miops,2
uniform,1
multitouch,1
shared,1
stefan,1
overseers,1
spinny,1
mst3k,1
teaches,2
electrics,1
change,8
u0113m,1
buck,3
armikrog,1
cmyk,1
trial,2
trian,1
pedale,1
pillow,11
montreal,1
saunders,1
extra,2
herbaceous,1
smarthalo,1
iband+,1
snowboard,2
illumination,1
market,3
flavors,1
pijuice,1
arkyd,1
bluffing,2
conquistador,1
microfiber,3
menstrual,2
club,3
clug,1
parallella,1
beluga,1
graphic,15
fortified,1
vaginas,1
catlow,1
breeds,1
heart,9
expanding,1
chip,2
nemo,1
noct,1
refine,1
gehenna,1
clothing,2
airplane,3
productive,1
holcomb,1
lounge,1
smartscope,1
armies,1
product,1
southern,1
heroes,17
tpod1,1
candles,1
beehive,2
kurt,2
dulgath,1
u2013the,1
fragged,1
brain,3
nefarious,1
tablets,8
cold,4
cole,2
birds,1
earplugs,2
cinefamily,1
arduino,19
curls,2
window,3
artisan,2
1956,1
flint,1
half,2
hall,3
halo,2
kerv,1
james,1
drop,4
spaceteam,2
kano,1
domain,3
anubis,1
yeah,1
snapshotr,1
goose,1
year,15
happen,2
album,47
funness,1
space,34
avignon,1
looking,1
opener,4
rebuilding,1
dsgn,1
cars,3
carv,1
rebel,1
marina,1
card,94
care,2
kingdoms,5
honest,1
lichman,1
tangled,2
lambda,1
impossibly,2
soundkey,1
blink,4
gasp,1
impossible,1
message,1
tomorrow,5
size,4
hotblood,1
caught,1
remotely,1
carson,1
friend,1
courier,1
that,77
prometheus,1
stryd,1
starcrawlers,1
than,7
titans,2
television,3
u2026it,1
rugged,3
edition,71
predestination,1
enhanced,1
craig,1
premier,1
slap,1
angee,1
13th,3
cloop,1
superhot,1
xxxxx,1
equipment,1
online,18
touchfire,1
smartegg,1
begin,1
dungeon,27
price,3
shithouse,1
america,6
slimline,1
forever,7
bulat,1
steady,2
tennapel,3
iskn,1
sunset,2
professional,5
leicester,2
fifth,3
ground,3
aint,1
upgrade,4
ratio,1
title,1
productivity,2
only,14
hammock,1
phillup,1
inventions,2
sierra,1
sketchbooks,1
stain,1
pumpkin,1
oscilloscope,1
cannon,1
truly,6
clipbook,1
cannot,1
kiki,1
bracelets,1
homegrown,1
leather,8
soundjaw,1
hexographer,1
amanda,2
rouncer,1
concert,3
cobblebot,1
islebound,1
bolstr,1
sport,4
oldschool,1
fargoal,1
between,3
leveraxe,1
videogamers,1
gygax,1
connoisseurs,1
garde,1
kefirko,1
hydrate,1
pixels,2
wheels,2
prequel,1
comes,3
madness,1
duelyst,1
jeans,3
dispatch,1
zetland,1
learning,3
renewals,1
oliver,1
cycling,7
lioness,1
dyslexic,1
rebuild,1
tsioque,1
systems,4
funemployed,1
aero,1
klikr,1
external,4
ruby,1
argent,1
sedition,1
these,1
might,1
humans,1
trick,2
crowley,1
coolest,4
nyves,1
commander,4
embrace,1
eras,1
litelok,1
ship,1
spaceventure,1
media,2
gentlemen,1
lite,1
baggywrinkles,1
finish,2
sieged,1
wicam,1
arctic,1
foam,3
fruit,3
grifta,1
theater,6
traps,1
charger,28
breeze,1
coordinate,1
joystick,1
charged,1
growler,4
milestone,1
neon,1
bitmap,2
touch,14
speed,4
sweatpants,1
death,13
thinking,1
desktop,5
dobot,1
blackprints,1
real,15
hover,1
rules,3
ruler,1
early,1
sagrada,1
using,4
lady,3
kult,1
smell,1
collective,1
iphone5,1
miracle,2
oblivion,2
maker,7
blackberry,1
cadwallon,1
qualmeter,1
changeling,1
starfighter,1
squire,1
skillbuilding,1
ethos,1
hustle,1
hub+,1
assembly,1
omate,1
business,5
cleverfit,1
galago,1
hectic,1
sixty,1
strainer,2
exciting,1
aeon,1
datacenter,1
exotica,1
backup,3
sketches,2
nura,1
lorei,2
heated,2
operator,1
your,233
homestuck,1
area,1
weekend,1
wigwag,1
start,2
stealth,2
cats,4
stars,9
starr,1
stary,1
recoil,1
podcast,5
prosounds,2
hire,1
illustrator,1
comics,11
openfarm,1
scanner,5
u014dd,1
loops,1
salem,3
mover,1
moves,1
storage,8
achromat,1
fools,1
zines,1
poor,1
polar,2
diaries,3
plushies,1
drift,2
mudguard,1
peak,4
dreamwell,1
lorebook,1
building,19
hayashi,1
corey,1
redux,3
shantae,1
monte,3
dick,2
unrest,1
leith,1
publish,2
messy,1
griffin,1
earpods,1
rothery,1
foster,1
safety,4
jensen,1
very,5
horror,14
supercomputer,1
screwdriver,3
selfies,1
rogue,5
laser,3
dreamfall,1
baristas,1
marbleocity,1
ghostcontrol,1
clickstick,1
louie,1
still,5
instagram,2
enhancement,1
darkness,5
nano,4
modular,15
tracks,2
kronos,1
strong,7
arena,3
labs,1
anachrony,1
ahead,1
inspired,10
letterforms,1
lomo,2
popes,1
helps,5
trainer,2
wearables,2
family,7
toys,7
dango,1
picbot,1
heroic,1
mysterious,4
turbo,1
bruer,1
excuse,1
snoofybee,1
impulse,1
suction,2
anymote,1
hardware,1
xa0a,1
u6c99,1
radiotopia,1
nine,2
drakar,1
history,9
gamemaker,1
visage,1
pushes,1
templar,1
u043e,2
u043f,1
tippett,1
doorlock,1
unsung,1
invasion,2
blasphemously,1
morphing,1
anytime,2
u0438,1
banks,1
dream,6
crafty,1
cat023,1
help,7
reservoir,1
kordl,1
held,1
thermal,1
roadworthy,1
hell,3
kinetic,2
heli,1
actually,2
feel,3
finex,1
founders,1
evening,1
food,15
motivates,1
commodore,5
foot,3
ninja,11
ebike,1
fully,1
elemount,1
radian,1
fairy,5
heavy,1
neil,4
gripbell,1
effortless,1
everspace,1
quantum,1
beyond,4
anarchy,1
miss,3
robert,2
since,2
chargedoubler,1
fountain,2
jolla,1
issue,4
bass,1
u2122,73
darius,1
reason,1
base,4
bash,1
revolutionary,14
boerue,1
launch,3
terrible,2
americas,1
bridegroom,1
american,8
kung,1
daisy,1
apocalypse,4
turrican,2
interviews,1
synek,1
prevent,1
elder,1
hillfolk,1
kafon,2
horse,1
kodama,1
cheapass,1
1sheeld,1
igulu,1
seasoning,3
station,8
expand,1
hundred,1
challenge,2
slimfold,3
passed,1
supertoy,1
antibacterial,1
1918,1
battalia,2
flipbookit,1
albums,1
1914,1
one80,1
bluejay,1
grey,3
bride,1
woolfe,1
badbandanas,1
kindle,1
weapon,4
procedural,2
dramasystem,1
macaw,1
juicy,1
smartlamp,1
sentences,1
speculative,1
cave,1
natsu,1
puuung,1
unstuck,2
resurgence,1
gratuitement,1
neuroon,1
sockless,1
maco,3
alpha,1
smbc,2
mach,1
mobile,24
clear,3
clean,9
rechargeable,1
physics,1
hyper,3
barbell,1
randi,2
justice,1
paranoia,1
scrimish,1
gripmat,1
pretty,1
dieselpunk,2
waterproof,4
trees,1
famous,1
capsule,2
basement,1
catcher,2
saltlands,1
gloves,5
scanning,1
plough,1
culture,5
horoscopes,1
howler,1
portrait,1
7&10,1
unstainable,1
probably,2
dein,1
cartographer,1
missing,1
outdoors,1
spray,2
invisible,4
zipper,1
both,1
mega,5
sensitive,3
duino,1
forgotten,2
vault,3
protector,2
rodgers,1
limeade,1
jeff,1
battery,23
whatever,2
galileo,1
linux,14
vessel,2
steels,1
bladekey,1
geefi,1
implosion,1
damn,2
appseed,1
mutiny,1
collected,2
territory,1
walter,1
sanders,1
compromises,1
citizen,3
imac,2
else,1
anthony,2
lives,4
folklore,1
101hero,1
look,3
u2014the,1
governor,1
ossic,1
pace,1
bikini,1
gaiden,1
chaosium,1
fleet,5
loot,1
animated,9
guide,15
loop,6
pack,18
xe6tte,1
underground,4
terminator,1
ready,4
famicom,1
riyria,1
fedora,2
sliders,1
grand,1
allyson,1
addams,1
blair,1
optik,1
cleaning,5
revitalization,1
cityscape,1
moba,1
grind,3
moby,1
chronicles,3
starwhal,1
savvy,2
coup,3
powering,2
xc4nder,1
copygate,1
u041c,1
guaranteed,4
shortcut,2
march,2
masmorra,1
overworld,1
albino,1
metawatch,1
game,280
gamercat,1
damage,1
nscope,1
wings,1
pillar,1
strife,2
meeple,1
weiner,1
mathematical,1
sketch,3
soma,1
borogove,1
creation,3
undress,2
yolk,1
zipperless,1
macs,1
delivered,1
whitlock,1
omori,1
#name,2
isiah,1
minimal,12
fresco,1
stem,2
step,2
raspberry,10
shine,1
demonwars,1
simulation,1
kharnage,1
classics,2
block,2
myextralife,1
within,1
nonsense,1
commit30,1
smelly,1
dwarfcorp,1
lovechild,1
computer,12
syllabus,1
u2103,1
harem,1
plinth,1
larry,2
alive,1
linkmount,1
russian,1
bevel,1
skull,1
circuits,1
kologeon,1
noone,1
adults,4
doesn,3
everpurse,1
1893,1
anthology,19
forge,10
manhattan,2
hydaway,1
draw,13
kori,1
gekks,1
heroine,1
earphones,9
trudvang,1
youtube,1
orbit,5
huelsbeck,2
underrated,1
chineasy,1
kats,1
kindle+,1
psycho,1
kate,1
compact,15
baron,1
earthbound,1
aria,1
warpath,1
friendly,7
infinite,7
kitty,2
wave,3
sgnl,1
cellular,1
button,5
roko,1
michael,2
hive,1
truebuds,1
epstein,1
betwixt,1
oros,1
oddball,1
boots,1
jump,3
xc4vlarna,1
click,9
wylie,1
rate,1
soup,2
espresso,1
vampire,5
cell,4
experiment,1
melancholy,1
scythe,1
ladyporn,1
looping,1
pancake,1
faeries,1
haunts,1
uamp,1
janus,1
products,2
michron,1
stabilization,1
clark,1
danger,3
godslayer,1
redefining,6
singing,1
cloud,6
imbue,2
bakblade,1
snooz,1
inair,1
hydra,1
camera,46
vehicle,3
stage,1
popped,1
starter,1
whisky,1
meek,1
bucketlistmap,1
ride,2
donut,1
meet,4
silenda,1
sedna,1
control,19
snapzoom,1
introduces,1
halloween,2
neruda,1
wonderful,2
slayer,1
optimised,1
duplicator,1
poetry,1
everly,1
deckbuilding,2
amplifiear,1
talan,1
circular,2
conquers,1
farm,2
peeling,1
freedomcase,1
spelling,1
tomb,1
cutlery,1
clairy,1
scoop,3
agenda,1
swimming,2
longest,1
flobots,1
qmote,1
hexlox,1
reprint,5
masses,1
notebooks,3
backers,2
moebius,1
shamanic,1
grill,2
tembo,1
pixel,6
sunport,1
pure,7
auto,2
socks,12
hands,6
front,6
masters,3
university,1
bitlock,1
muff,1
mode,2
crossing,1
shaking,1
legions,1
modo,1
u20141982,1
carabiner,5
illuminate,1
schnapf,1
bluetooth,23
investigative,2
measure,2
margins,1
special,7
telepath,1
braxton,1
entertainment,1
armor,1
reboot,3
playground,1
ricki,1
umbrella,2
stews,1
galaxies,3
completely,2
fly6,1
princess,5
drowning,1
hostile,1
lone,1
timer,1
times,1
volgarr,1
fireteam,1
sosu,1
parkitect,1
powerful,6
anamanaguchi,1
drinker,2
quality,5
covalence,1
cerebus,1
privacy,3
bears,3
data,6
durable,1
foldio,1
aviator,1
bokeh,1
intelligence,5
perfectly,4
final,5
ocdock,1
jotun,1
dimetrodon,1
platformer,4
fuzzy,1
drunkquest,1
herself,1
waist,1
mutator,1
conscious,1
kitties,1
robocop,1
travelcard,1
seitanic,1
abyssal,1
oneoeight,1
neeo,1
torment,1
close,1
need,12
zubits,2
fluent,1
microphone,1
sprinkles,1
sprinkler,1
camouflaj,1
ably,1
detector,1
blades,5
sungod,1
liturgical,1
octofire,2
vengeance,1
connected,11
gallery,1
stereo,2
manga,2
gesture,1
crate,1
gekkopod,1
shield,2
wyrm,1
based,10
tire,1
reactive,1
paperwallet,1
libra,1
fuel,1
surfs,1
infernal,1
mortality,1
slows,1
alabaster,1
betterspot,1
joint,1
fallout,2
years,6
scrolling,2
noria,1
endless,4
gray,2
evolution,8
trucks,1
wellness,1
postcards,1
dangerous,1
tuner,1
grad,1
fedoruk,1
terrain,10
freeze,1
screencasting,1
freezy,1
rifts,1
bottleloft,1
aros,1
smog,2
state,4
antler,1
sabotage,1
tent,2
transhuman,1
magi,3
bendable,1
mage,2
thumb,1
lumoback,1
zombicide,4
hits,1
limits,1
trove,1
aqua,1
minds,1
tiltpod,1
ultramarionation,1
paranormal,1
skyheart,1
johann,1
kings,5
smoovie,1
hvac,1
slowly,1
treat,3
quik,1
poes,1
controlled,4
retrospective,1
headlamp,1
controller,3
mail,4
infestation,1
sensel,1
novel,20
pandemonium,1
gofar,1
dieter,1
demo,1
neuron,1
surface,3
thebes,1
yardmaster,2
capture,7
podcasting,1
parts,1
speaker,9
hexels,1
generis,1
party,11
fubar,2
oona,1
unconventional,1
impeccably,1
elyria,1
effect,1
spree,1
indigenous,2
keep,4
outcasts,1
rift,1
mech,1
schr,1
well,1
cubetto,1
riff,2
trials,1
wiivv,1
sourced,1
ervo,1
purifier,4
schoolism,1
ondu,2
spells,1
cmucam5,1
grappling,1
vidi,1
vide,4
balloons,2
kick,2
middara,1
fove,1
definitive,5
fate,8
propelled,3
raspio,1
historic,2
loss,1
linsanity,1
renegade,1
lost,10
header,1
candy,2
sized,8
scanbox,1
lose,3
page,2
cyphy,1
visions,1
library,4
hush,2
deliverance,1
trucker,1
home,28
peter,3
aurion,1
sharkwater,1
kettle,1
draught,1
civilization,2
adventuring,1
swartz,1
coders,1
medieval,3
journal,7
expansion,11
refuge,1
freedom,4
buhel,1
cleans,1
compatible,8
moff,1
tongue,1
battlestations,1
articulate,3
lunecase,1
artists,3
ukiyo,1
managing,1
utility,2
airhook,1
museum,5
protectors,2
purgatorio,1
inner,1
aethereus,1
cricket,2
north,7
gluten,1
astro,1
goals,4
typists,1
modifiers,1
u2729~,1
stories,5
spectrometry,1
robotech,1
display,6
gumstick,1
collectible,1
universal,7
fingertips,1
toothbrush,1
generating,1
passfort,1
utensils,2
beats,1
conan,3
solidluuv,1
education,3
draco,2
eric,1
diego,1
functions,1
ingredients,1
trickerion,1
star,22
new55,1
stay,2
xb5current,1
dragoon,1
foil,2
dyln,1
nintendo,2
friends,3
foia,1
keyprop,1
martin,2
mmorpg,4
omega2,1
richard,4
toasteroid,1
xa0fugu,1
dynamic,2
elegy,1
captain,3
isometric,1
presents,4
swat,1
eora,1
updated,1
rescue,2
void,2
alethrion,2
harambe,1
wingfeather,1
confederate,1
monkii,1
courageous,1
vast,1
astral,1
baking,1
demerit,1
fracknation,1
solution,12
convenience,1
vector,1
enhance,2
clothes,2
force,2
smersh,1
japanese,4
waterless,1
quill,1
even,3
rope,1
stormers,1
orchestra,3
while,1
asia,1
lights,4
ariely,1
ever,34
niche,1
pancakes,1
never,5
active,5
resupply,1
sutnar,1
allstar,1
credit,1
freezepop,1
economica,1
intrigue,2
fantastic,1
powerup,2
digitally,3
campaign,7
mecha,1
moral,2
dreamscreen,1
counts,1
army,1
u3011best,1
firetop,1
call,4
lightsaber,2
recommend,1
survive,5
type,3
tell,4
composite,1
wars,9
dogma,1
warm,1
frenzy,2
flotilla,1
timedock,1
room,3
kraut,1
rights,1
roof,1
movies,1
oled,2
hansen,1
root,1
give,6
blips,1
honey,1
foods,1
point,8
mcninja,1
unforgettable,1
aging,1
strop,1
amazing,5
xenonauts,1
aurora,1
freezthat,1
footwear,7
bonsai,1
blanks,1
briefcase,1
manuals,1
polyhero,2
timelines,1
president,2
nomatic,1
rightpsi,1
third,5
instacube,1
fungi,1
capitalism,1
cognitoys,1
goodbye,1
operate,1
operations,1
maintenance,1
deck,19
witchmarsh,1
keyboard,11
xe5lenhag,1
before,1
scoring,1
personal,9
crew,2
better,29
differently,1
schmidt,1
apogee,1
marsters,1
workout,2
sunski,1
singularity,1
meat,2
sunscreenr,1
battlecon,4
lucy,1
roast,1
mounts,1
side,8
bone,6
luck,3
nava,1
inserts,1
gnomish,1
trading,3
caustic,1
dawn,6
collector,2
merchants,2
unbound,1
tales,12
bauhaus,1
revolting,1
content,1
sparkle,1
artizens,1
reader,3
ikenfell,1
cheatin,1
turning,2
revenge,1
liquidoff,1
coriolis,1
struggle,1
hoodie,4
cosmik,1
starts,1
cosmic,1
nexpaq,1
akiba,1
moving,2
hannibal,2
user,1
features,5
grade,3
hook,5
hoon,1
radiate,1
ditch,1
creativemornings,2
hood,2
goblins,1
girls,9
twisted,2
machined,4
bellingcat,1
inferno,1
polysher,1
villages,2
tokens,5
trippe,1
norlan,1
fangamer,1
febo,1
begins,3
distance,2
bits,2
fairytale,2
enabled,2
matter,1
aether,1
knights,3
mini,19
stomping,1
modern,14
mind,6
mine,4
seed,5
seen,1
mint,3
tells,1
expeditions,1
lightblue,1
horde,1
chest,2
calibrated,1
chess,1
panties,2
tunnels,1
boardgame,8
metawear,2
zealand,1
torchbearer,1
alarm,4
impostor,1
competitors,1
ubooly,1
nichtlustig,1
consumer,1
planetary,3
polyhedrals,1
sprocket,1
liberty,1
guilds,2
divinity,3
arpg,1
sugar,2
brimstone,1
unleashed,1
hoard,1
tiles,3
colorful,3
smut,4
stop,4
coast,2
pictar,1
earl,1
magmod,3
carbon6,1
microscopy,1
microscope,5
disney,1
ears,3
playstation,1
reference,3
hiddenhub,1
juliet,1
brazil,1
foreverspin,3
sail,1
artificial,4
pets,1
simplest,2
shaver,1
warrior,1
lazy,1
soulfall,1
lotion,1
bedjet,1
zodiarcs,1
modeling,1
worldspinner,1
horsemen,2
resistant,5
against,1
beeline,1
stygian,1
technodelic,1
gathering,1
lanterns,1
initiative,2
anova,1
superbook,1
jordis,1
chely,1
three,5
tiny,22
cyrus,1
trigger,3
tino,1
lovely,1
website,1
chug,1
rimworld,1
chill,1
rossling,1
tank,3
remakes,1
freakies,1
near,2
neat,1
balance,1
anchor,1
chilling,1
seven,1
xba1,1
bobblehead,1
slicks,1
cans,2
colosseum,2
mouse,9
otherlands,1
pathfinder,7
bottles,3
belli,1
belle,2
make,37
undergarment,1
drawstring,3
vegetable,1
grows,1
meets,4
speakers,4
renaissance,1
garlic,2
warden,1
unicorn,4
thoughts,2
butter,3
lightman,1
changes,2
neptune,1
moongha,1
hydration,1
roma,1
romo,1
paradigm,1
yours,3
plugaway,1
just,6
magnetips,1
unfair,1
triller,1
reformation,3
human,3
facts,1
legion,3
assassination,1
character,4
copyrights,1
instrument,2
save,14
ruggie,1
cloudftp,1
orphan,1
background,1
sipsnap,1
gibbous,1
teplo,1
dreams,3
afire,1
nevermind,1
manual,3
zombies,4
smartstraps,1
dean,1
deal,1
deaf,1
dead,20
rever,1
intern,1
reven,1
dear,2
repelling,1
theatrical,1
notification,1
tracker,1
dundabunga,1
conquering,1
carta,1
lomography,5
eidolon,1
zungle,1
subscriptions,3
burl,1
burn,1
bolo,1
repellant,1
promos,2
protagonist,2
bolt,6
keeper,2
super,20
starstorm,1
meow,1
unibody,1
magazine,15
commit,1
spriter,1
automatically,1
thinner,1
commpendium,1
formerly,2
selfie,1
down,12
armada,1
refined,1
amazingly,1
flying,2
worldbuilder,1
xa0create,1
editor,1
fraction,1
factions,1
marauder,1
starve,1
form,2
coney,2
builds,2
prevents,1
whiskey,4
doraleous,1
xoab,1
sticks,2
classic,23
toss,1
adv3nture,1
sticky,3
bloodstained,1
pocketbands,1
sticko,1
floating,2
shit,1
handed,1
mistfall,2
venison,1
digital,21
chargemander,1
sling,3
savage,2
bacterionomicon,1
journey,9
award,3
feld,1
barracuda,1
potato,1
blomstertid,1
microcosm,1
daily,4
jacket,7
themed,2
skip,1
souls,3
manager,2
wiiu,1
skin,1
soule,1
sega,1
milk,2
21st,7
yummy,1
timeshock,1
finally,4
memoto,1
smartphone,32
made,39
myled,1
lynch,1
arakion,1
eats,1
magnet,1
excellence,1
#zpg,1
shoe,2
shave,2
olympic,1
xa0lego,1
printrbot,1
camelot,1
lightsail,1
hobbyist,1
tinytesla,1
sabertooth,1
filler,1
multiverse,4
permaculture,1
dwarf,2
tibet,1
kitrex,1
wait,1
institute,3
draconis,1
obduction,1
spheres,3
fortress,1
minecraft,1
teenage,1
adjustable,6
verge,1
everybody,1
dude,2
gramofon,1
weatherneck,1
france,2
ukeg,1
terrarium,1
peru,1
nock,1
mayhew,1
labyrinth,1
unequaled,1
eisenwald,1
weepies,1
mojang,1
tokyo,1
soul,4
wallet,76
sous,4
making,6
bites,1
lords,6
crazy,1
reflector,1
agent,1
monge,1
drawer,1
council,1
squidder,1
starbase,1
snuglet,1
pine,3
chemical,1
sword,6
tile,2
pint,3
sketchynotebook,1
designer,2
bidding,1
accessory,6
designed,5
lubber,1
guys,3
grow,6
jellyfish,2
omen,1
avant,1
tale,4
switch,2
dropfleet,1
talk,1
shoes,6
hendo,1
pugoo,1
lyric,1
marshmallows,1
police,1
monitor,1
oura,1
maia,1
policy,1
ours,1
tucked,1
digirule,1
badbandana,1
enclave,1
killed,1
ileana,1
flexo,1
fudge,1
tado,1
aeropress,1
rock,1
brews,1
unlock,1
cinefex,1
godus,1
girl,19
weighitz,1
ceti,1
description,1
canada,1
living,5
jackson,1
gamers,9
earthsphere,1
multiplayer,2
warmachine,1
sensor,4
lgbtq,1
monster,9
recoiling,1
pumping,1
spies,1
fusion,1
vinyl,3
segsac,1
headband,2
underwear,5
lono,1
language,2
ministry,1
headphones,17
thing,3
petzval,2
think,1
first,99
hoppin,1
americana,1
dungeons,5
rachel,2
long,5
tesladyne,1
carry,18
sounds,1
neurio,1
little,18
limited,1
stormgates,1
dropshades,1
anyone,5
radlicht,1
mermaid,1
meme,1
eyes,2
put2go,1
eyez,1
aetas,1
massager,1
bioluminescent,1
sailing,1
protected,1
knives,1
were,2
lullaby,1
lick,1
cuttings,1
rinsekit,1
briefs,2
dash,8
conspiracy,1
comedian,1
katakana,1
monochroma,1
kevin,4
nikola,1
efficient,1
isolate,1
consortium,2
endangered,1
squad,4
performance,11
channel,1
jungle,1
pain,1
theatre,5
verona,1
track,2
assault,1
sheets,1
pair,1
precise,1
shot,3
soloscope,1
show,8
000mah,1
winders,1
elevate,1
drawings,1
corner,2
feng,1
dice,49
plume,1
treasure,4
behind,3
auris,2
black,12
helix,1
blach,1
awareness,1
hostage,2
snakable,1
spraying,1
killers,1
framing,1
sisyphus,1
blends,1
timepiece,1
harbinger,1
intuitive,1
keyboards,1
morning,1
mattie,1
finishing,1
seas,3
siva,1
pendragon,1
barbarossa,1
seat,5
lyfe,1
hickies,1
calendar,2
caster,1
wonder,2
xeric,3
enough,2
chews,1
reading,1
across,2
affordable,15
parent,1
slingshot,2
magna,1
magno,1
gauntlet,1
tour,6
hackaball,1
guardians,2
holders,2
among,4
cancer,2
entheon,2
some1else,1
mare,1
unusual,1
underworld,1
undershirt,1
abramovic,1
mark,3
attaching,1
workshop,2
mars,4
xebria,1
arto,1
valor,1
wake,2
hardcore,2
woojer,1
sound,18
klaus,1
turtles,2
yocam,1
ratchet,1
rhodes,1
coco,2
them,2
sleeping,3
unwritten,2
baths,1
protein,1
wisely,1
everyday,13
bags,1
different,3
doctor,3
heirs,1
wizards,2
woobots,1
ticwatch,1
cotton,1
pankapu,1
shindell,1
extended,2
companion,3
running,4
extender,1
improv,1
climbing,1
totally,1
macro,1
markup,2
eisner,1
solve,1
bottle,26
gates,1
gangs,1
money,4
ganga,1
flavor,1
chronoclock,1
pill,2
grip,5
docks,1
mogees,2
grid,5
web2py,1
grim,2
digistump,1
spintires,1
headbones,1
lightning,6
chamber,1
audience,2
truesmart,1
keyholder,1
doll,4
titan,2
erase,2
images,3
snoring,2
joan,2
octane,1
genetics,1
ellie,1
critical,2
lunar,2
knife,10
apocalyptic,3
seconds,6
each,1
arts,1
broken,3
roaming,1
raptor,1
crafting,1
contagion,1
island,3
mixer,3
mixes,1
practical,2
hapifork,1
airline,1
pockets,1
roam,1
road,9
lands,1
dagger,1
voxel,2
hypercharge,1
shru,1
wilde,1
strip,3
stonetether,1
skillet,2
almighty,1
cordell,1
fates,1
promixx,1
structure,2
dwagon,1
handgrey,2
passports,1
tycoon,1
spicy,1
storytellers,2
tripod,5
shroud,1
timewatch,1
magicicada,1
spice,1
arranged,1
romantic,2
ember,1
hudway,1
acro,1
suitcase,3
grouch,1
manchild,1
celestian,1
solarpuff,1
videos,2
deer,1
deep,5
planetarium,1
planets,1
lifetime,4
snaprays,1
cables,8
ghosts,1
film,47
fill,1
again,9
hybrid,3
zelda,1
field,3
brattle,1
chris,5
remote,6
assets,1
daguerreotype,1
landfill,1
deluxe,24
starting,2
oran,1
liar,1
forget,1
suns,1
geode,1
dollar,3
worms,1
forged,1
cooperative,4
children,7
shattered,2
nature2x,1
crimson,1
kammok,1
premium,21
treeschoolers,2
resistance,4
hewlett,1
fall,8
steve,8
earbuds,11
20th,6
portable,22
clinch,1
burger,1
zero,12
wager,1
creatures,2
smorn,1
spinegym,1
ongoing,1
tribute,1
subwoofer,1
public,5
movement,1
tattoos,1
videogame,2
rafino,1
martians,1
mule,1
beacon,2
search,4
bible,4
tortoise,1
scurry,1
tgg2,1
milky,2
wizard,5
phonesoap,1
muertos,2
znaps,1
hunching,1
mesoam,1
rican,1
extinction,3
jiva,1
wolfed,1
neverending,1
diamond,1
nimbus,1
town,5
hour,2
keysmart,1
magnic,1
displio,1
flyte,2
runscribe,1
marble,2
shark,3
timelapse,2
onslaught,2
share,5
sphere,1
chimera,1
sharp,1
morta,1
robinson,1
biography,1
homicide,1
needs,3
stik,1
awkward,3
comfort,6
urbance,1
maps,1
stix,1
gtfo,1
hexo+,1
connectivity,1
revolutionizing,2
agua,1
cannata,1
bloom,2
coat,1
spoon,1
dragon,11
coal,1
odorless,3
playing,61
tinyscreen,1
through,13
same,1
filters,1
stormtag,1
controllable,1
thrilling,1
shenmue,1
handheld,1
wyrmwood,1
good,3
walli,1
goon,1
eldet,1
walls,1
compound,1
wally,1
trihold,1
mystery,6
easily,1
universim,1
micro,18
token,1
habits,3
heroines,1
halograph,1
ports,2
everyone,18
house,2
fish,3
hard,2
connect,1
plympton,1
backpacks,1
orient,1
lovers,1
projecteo,1
terrasphere,1
print,7
brewery,2
rebirth~,1
bombshell,2
geared,1
backed,2
goldieblox,1
finland,1
u3011,1
rainforest,1
raptors,1
reinforced,1
copper,1
bitcoin,1
done,3
u2729,1
fiction,8
razor,4
smoother,1
ocearch,1
revive,1
construct,1
paint,2
leash,1
pains,1
decodedc,1
necronomicon,1
park,5
part,3
trolls,2
believe,1
mstick,1
webuyblack,1
dossier,1
shaveface,1
recording,3
chameleonmini,1
interactive,6
nebia,1
ages,3
battlescape,1
elmore,2
aged,1
mountain,2
built,9
valdis,1
couch,1
build,19
taktik,1
commentary,1
province,1
serena,1
programmers,1
eggs,2
most,51
moss,1
lovecraft,3
tribesports,1
feasting,1
maier,1
trakline,2
chester,2
weigh,1
cryamore,1
rebels,1
letterpress,1
doublesix,1
pugmire,1
businesses,1
napanywhere,1
fine,8
networks,2
giant,6
geoorbital,1
xa0titanium,1
capacitive,2
lifelogging,1
augie,1
sanitize,1
dysfunctional,1
giana,1
touchscreen,2
revolts,1
express,6
webley,1
theft,6
silk,1
blogging,1
steampunk,3
orcs,1
gobone,1
zerohour,2
redefined,1
common,1
witches,1
plank,2
keyless,1
rippers,1
trayvax,1
tender,1
feared,1
degree,1
burner,1
aviary,1
smallest,21
budsband,1
queers,1
proviz,1
baselantern,1
scuttle,1
umoro,1
packable,1
folding,3
restaurant,2
foreign,1
upgraded,1
bongo,1
simpli,1
supply,1
simple,21
mstr,1
simply,2
upgrades,1
ravaged,1
busters,2
expensive,1
hatoful,1
raise,2
silic,1
create,7
trilogy,3
secret,9
wollstonecraft,1
vant,1
tangiers,1
ineptitude,1
realms,4
prices,1
thermoelectric,1
mothra,1
solid,5
bill,2
mbot,1
sriracha,2
century,13
blackguards,1
xf3stumo,1
keyflower,2
itself,1
arenas,1
monroe,1
shiness,1
benign,1
neutron,3
development,6
passwords,3
snappower,2
keys,9
gilmour,1
leopard,1
moment,3
santorini,1
purpose,2
peachy,1
koch,1
formcard,1
gestures,1
task,1
werewolf,7
redesigned,4
ampy,1
flags,1
kapture,1
swiss,3
amps,2
chemistry,3
nerdwax,1
shape,3
shovel,1
icloak,1
alternative,4
dishonesty,1
timber,1
dslr,1
marrying,1
kinect,1
source,17
spiotto,1
dixon,1
snap,6
tohkbd,1
exoplanet,1
hates,1
ridiculously,2
matters,1
knock,2
palahniuk,1
axess,1
farmcurious,1
coolminiornot,1
flux,2
bubblepod,1
bamboo,1
gardening,1
collectors,1
back,26
prototyping,1
brydge,1
martian,1
examples,1
candle,4
scale,5
jewelry,1
bean+,1
mostrad,2
epik,1
kraftwerk,1
epic,25
hammond,1
continuing,1
virtues,1
stompy,1
optimize,1
dystopia,1
uarm,1
sync,2
belaycords,1
crpg,1
beatdown,2
aliens,1
clack,1
pathologic,1
liege,1
pronunciation,1
juicies,1
handbook,1
handleband,1
forward,1
warlock,1
transformable,1
vival,1
murphy,1
immigration,1
gauss,1
serie,1
tapos,1
youssef,1
treats,1
remastered,3
ca7ch,1
planet,4
exploration,3
autonomous,3
groove,1
offworld,1
u2014adventure,1
single,4
cure,1
cafe,1
eyecharm,1
organizing,1
voltaire,1
bubblegum,1
functionality,2
gametee,1
dimmer,2
icarus,2
myyogapro,1
favourite,1
xeriscope,1
liners,1
lens,11
restoration,2
desert,2
cooker,1
rhinoshield,1
habitrpg,1
socrates,1
magnetically,2
jason,2
grayl,1
amplifier,1
quern,1
sigmund,1
gustin,1
pulseband,1
blaze,1
atlas,4
apotheca,1
brigade,1
automotive,1
avalon,2
putting,2
assad,1
infrared,1
carman,1
entire,1
salad,1
knight,3
shock,1
hertzfeldt,1
prototypes,1
joes,1
pebble,12
inkcase,1
lapse,3
joey,2
crow,1
crop,1
carla,1
drinktanks,1
depression,1
edison,3
chicago,1
piper,1
access,3
clipboard,1
thimbleweed,1
exercise,1
body,6
pinhole,2
50th,1
beasts,3
alhambra,1
sins,1
nimble,1
objects,1
others,1
kyberlight,1
zenegg,1
extreme,1
drops,1
talent,1
clipfold,1
climb,2
technolust,1
honor,1
uboot,1
nanohold,1
blizzard,1
private,2
xa345,1
composer,1
limb,1
indulgence,1
lima,1
gateway,1
seamless,1
showrunners,1
boncho,1
upcoming,1
apprentices,1
trail,1
cookware,1
harvest,3
minions,1
subscription,1
unsplash,1
stations,1
bubblesort,1
gruff,1
unreal,3
fetch,1
anomalisa,1
boekbinder,1
kaplansky,1
soundself,1
weedonwantcha,1
abcs,1
ascension,2
expandable,1
native,3
lamb,1
lamp,6
forest,1
u2026,1
logbar,1
kickstarter,11
waters,1
philosophy,1
collection,21
bluff,1
multispeaker,1
chief,1
eternea,1
meter,7
xenoshyft,2
charting,1
galaxy,9
bunch,1
pugz,1
winning,3
image,1
impervious,1
frontiers,4
lunatik,2
mandate,1
bandana,1
ipen,2
u2014perfect,1
krita,1
kokoon,1
dreaming,2
lentil,1
empires,4
matt,4
schwartzberg,1
mats,2
messenger,1
electronics,4
u25cf,3
frank,5
midcentury,1
duffle,2
hazard,1
olivers,1
interaction,1
recipes,1
skateboard,1
jadedaid,1
mortal,1
youmo,1
fleks3d,1
tributes,1
sack,1
strategic,6
puppet,1
guidebook,1
smartquad,1
ancient,1
monkey,3
tablescapes,2
darklight,1
cabin,1
gear,4
nobody,1
skyrim,1
ipad,42
loved,1
twokinds,1
mcsweeney,1
shampoo,1
biolite,2
sweden,1
halcyon,1
kage,1
loves,1
universum,1
flashes,1
fermentation,3
piff,1
tidy,1
comfortable,4
tide,1
interstellaria,1
cavern,2
doodle3d,1
cuore,1
gravity,4
parke,1
koessler,1
parka,1
bohemia,1
smartlight,1
tapit,1
eight,3
strikes,1
payment,2
microview,1
mitch,1
disease,1
solarpod,1
occasion,1
skinny,2
outlive,1
locksport,1
text,1
charles,1
storykiller,1
kits,3
staff,1
velociraptor,1
inspiring,1
coloring,3
scorpion,1
sparki,1
fanthology,1
beat,3
photography,4
bear,3
dumbing,4
beam,1
bean,1
ecotechnology,1
gorgon,1
calling,1
midora,1
2064,1
enhancer,1
showdown,4
wearhaus,1
lettermpress,1
heatworks,1
walking,3
bitool,1
wishbhone,1
organattack,1
proof,4
progress,1
rocketbook,1
monarchs,1
underwater,2
deliver,1
watts,1
nightmares,2
phase2,1
instant,4
taking,1
equal,2
aquarium,1
chipolo,2
denim,5
caverns,2
reborn,2
angelarium,1
threadstax,1
rahdo,2
ownphones,1
primordial,1
teamwork,1
oomph,1
citadel,1
ctrl+alt+del,1
goddess,1
nightmarium,1
diffusers,1
angles,1
bull,4
bulb,4
kenya,1
multi,15
cypher,1
lunarbaboon,1
imagination,1
defining,1
revisited,2
deadness,1
chaotic,1
blacksmithing,1
closets,1
iexpander,1
inspector,1
starcraft,1
grinder,2
defiant,1
frigost,1
novels,2
reporting,1
sisters,1
judgment,2
scholars,1
airlock,2
seta,1
prynt,1
builder,4
seth,1
creators,1
kazbrella,1
latest,1
shuttr,1
saddles,1
domestic,1
protecting,1
burgoo,1
flashlight,7
nudeaudio,1
lake,1
infographics,1
smart,84
raven,1
icache,1
zipchip,1
xe9nage,2
doyle,1
insert,1
like,19
success,1
darcy,1
works,4
soft,4
crawler,3
accessible,1
classical,1
infusing,1
xdfschuhe,1
hail,5
hair,4
trak,1
frenetic,1
slide,4
pepper,2
noise,2
worldographer,1
stellar,1
zeropi,1
rumpl,2
panel,1
about,17
urbanized,2
socket,1
onebowl,1
legendary,7
important,3
waylens,1
tome,3
zenlet,1
moonman,1
functional,3
billions,3
tackle,1
guard,2
female,3
ridge,2
legends,7
stainless,3
mcmillan,1
firefighter,1
insoles,2
awarded,1
maze,1
tidytilt,1
glif,2
brand,3
sequel,3
stikk,1
gaymerx,1
plague,2
invisigun,1
inverted,1
versatile,12
glory,5
ecosystem,1
mists,1
xc1rst,1
minutes,4
thermodo,1
shafer,1
rabbits,1
whisper,1
smartphones,12
tabletop,17
deathm,1
autism,2
corporation,1
didion,1
virtual,14
surreal,1
sandy,1
handcrafted,4
retrowear,1
earplug,1
spreader,1
panoramas,1
philips,1
keyport,2
ip66,1
cookbook,5
augmented,1
sweetening,1
incharge,1
brightening,1
sleep,16
hate,3
escaflowne,1
feeding,1
thinnest,6
under,5
tweed,1
pride,2
flectr,1
allergy,1
risk,2
baptiste,1
rise,6
calamityware,4
every,9
jack,3
monkeys,1
school,8
orbitkey,2
norsaga,1
looblade,1
relics,1
delightfully,1
venus,1
juicies+,2
bicycle,26
guidelines,1
ladislav,1
street,1
tweezers,1
tactile,1
blue,9
revolver,1
poison,1
minty,1
gyroscope,1
ravingspire,1
catan,3
zach,1
hundreds,1
studio,15
path,1
uspcc,6
vikings,1
luggage,6
changed,1
battlecruisers,1
spacetime,1
midway,2
prints,3
resurrected,1
godmother,1
sbrick,1
julia,2
strap,11
eastwood,1
would,1
nora,1
chargers,1
spike,2
grassfed,1
megalopolis,1
saber,1
novus,1
microwavable,1
phone,34
elsinore,1
pouch,1
must,5
shoot,2
dyscourse,1
join,3
windcatcher,1
u3010vago,1
zenescope,1
boldest,1
daft,1
iamelemental,1
henry,1
ernest,2
petersen,1
grenade,1
addictive,1
estate,2
preserving,1
mayhem,2
orion,2
keplero,1
smarthome,1
guarantee,2
intruders,1
writers,1
dungeonmans,1
gate,1
charging,13
poker,2
scion,1
mess,3
lumu,2
sansaire,2
tyrim,1
mesh,1
lumi,1
lume,1
luma,2
danny,1
bootstrap,1
patent,1
upside,1
ultimate,49
midas,1
untold,8
sprout,1
over,4
aquabot,1
london,2
oven,1
vita,2
swiftpoint,1
destroyer,1
howdy,1
writing,3
strand,1
sakura,1
nyhedsst,1
roost,2
arduboy,1
shadows,8
gloom,2
alex,4
chuck,1
detroit,2
haloband,1
choir,1
victory,2
fitness,4
heist,2
victors,5
signing,3
hanger,1
moose,1
magnets,6
sharknado,1
poncho,1
jackets,1
driving,2
dinosaur,1
objectified,1
bennet,1
millennium,2
independence,1
perception,2
carcass,1
rail,1
eternal,1
free,25
fred,3
management,1
streamline,1
rain,2
wanted,2
tyvek,3
timespinner,1
thriftyvac,1
ritual,1
days,9
filter,5
heck,1
industrial,1
puck,3
coding,4
hearing,4
fantasy,36
darma,1
pucs,1
luminoodle,2
scissors,2
calorie,1
revival,1
licorice,1
attack,2
euphoria,1
tstand,1
california,1
urban,7
murder,4
centered,1
tool,25
brushes,1
took,1
downsize,1
western,2
storium,1
bethany,1
flame,2
cleverpet,1
10th,1
bridge,2
donkey,1
fashion,2
pwyw,1
torque,2
talking,2
screws,2
beckett,1
hisashi,1
1965,1
snow,1
contact,3
hatch,2
redbear,1
matchstick,1
rides,1
doomed,1
visionary,1
coil,1
coin,5
glow,5
padpivot,1
metal,14
mulana,1
declan,1
enterprise,1
sanctuary,3
saga,8
brickpi,1
labels,1
xa0architect,1
colors,1
reissue,2
radio,5
xe9rica,1
queer,1
earth,6
sorbo,4
ifetch,1
aardman,1
zoombinis,1
athletic,1
pripyat,1
photo,9
soundless,1
borrowed,1
knocki,1
sunglasses,7
mogics,2
baubax,1
watch,29
geek,2
wedding,1
toolbox,1
keylet,1
twenty&twenty,1
plush,6
twice,1
dscvr,1
equiso,1
shots,1
pacifist,1
automatic,6
pentaquark,1
habit,1
1960s,1
5000,1
gladiator,1
hourglass,1
betterback,1
capacity,2
u30fbfree,1
finger,3
approach,1
discovery,1
boss,9
awesomenauts,1
hoboroll,1
wear,4
news,2
magbak,2
improve,3
espruino,2
protect,1
ringbow,1
fault,1
bluelace,1
players,8
games,35
gamer,2
lenses,1
sullivan,1
confide,1
gobag,1
towels,2
trust,2
hitler,1
beef,1
been,1
beep,1
submarine,1
beer,16
prepd,1
anchors,1
rideable,1
craft,5
moldable,1
glider,1
nekro,1
aurai,1
veronica,1
pyramid,2
brewer,1
zendure,1
accessories,2
brutal,2
vufine,1
beside,1
atelier,1
agatha,1
inventors,1
satellite,3
screw,1
pinstripe,1
portal,2
deadwood,1
characters,1
groundbreaking,1
cycle,1
dylan,1
tuscany,1
quiplash,1
charlie,1
butterup,1
ocean,1
greatest,2
mother,3
jean,3
unemployment,1
laptop,12
bruise,1
livecode,1
thumbs,1
sideclick,1
makeover,1
expos,1
vibration,1
trini,1
shadowgate,1
which,2
melting,1
hexcup,1
munchkin,1
microssd,1
roominate,1
reignition,1
creaturebox,1
advanced,10
ninjas,3
ditto,1
gift,1
hunt,1
godin,1
offices,1
avatar,1
ultraportable,2
valence,1
adtrap,1
successfully,1
cineskates,1
escape,2
perfected,3
doorstep,1
clash,2
crafters,1
artiphon,1
everything,14
christmas,3
espionage,1
cord,3
core,6
brawl,1
zooz,1
mechanized,1
plug,4
lightbox,2
attacks,1
plum,1
shards,1
surround,1
dinner,5
petcube,3
plus,4
earin,1
puzzle,4
carafe,1
finely,1
marmoreal,1
nunes,2
xa0standards,1
transform,2
sunlight,1
opus,1
anderson,2
mori,1
synthesis,1
head,2
amateur,1
sabertron,1
necronauts,1
polyphonic,1
wireless,24
heat,4
firebiner,1
hear,1
solar,20
removed,1
chests,2
heartwarming,2
quicksilver,1
nerdy,2
zodiac,1
nerds,1
digispark,2
fury,1
kidneythieves,1
storydriven,1
check,3
eerie,1
tester,1
when,4
brooklinen,1
daybreak,1
shipwrights,1
skycube,1
eternity,4
picture,4
phoenix,4
toad,1
flameless,2
levit8,1
longer,3
bullet,2
serious,3
puppycat,1
coach,1
beckert,1
barfu,1
boardgametables,1
focus,2
watchcase,1
rhino,1
recharge,1
reassembly,1
essentials,3
1944,2
passage,1
ultralight,1
charge,10
melon,1
erfworld,3
spooly,1
spacevr,1
exalted,1
trident,1
wallets,6
nesting,1
cook,5
cool,2
buddingstem,1
soundboks,1
clouds,1
level,7
standards,1
illumibowl,1
quick,8
lever,1
cyber,1
weatherproof,1
dried,1
port,5
drinks,1
darkest,3
goes,5
homeworld,2
resketch,1
alkaline,1
water,23
witch,3
arcadia,3
boast,1
healthy,3
cinnamon,1
hospitality,1
navigation,1
pixy,1
gamepad,1
tweak,1
solidsuit,1
glocalme,1
crisis,3
trinidad,1
projector,2
journeyquest,2
helvetica,1
sports,6
dreamers,1
prey,1
iphone,80
memory,1
rewordable,1
sweeties,1
today,5
athena,1
chapter,1
chocolate,1
carnival,1
cases,4
edible,1
achieve,2
pickle,1
geeky,2
months,1
viceroy,1
figure,5
downfall,1
nexus,4
cube,6
stackable,1
procrastination,1
estylo,1
sundance,1
fourth,1
bkey,1
$100,3
irrational,1
cocktail,1
clone,2
demoner,1
birthday,2
copyswede,1
renovation,1
unbelievably,1
classroom,1
reaper,4
lagoon,1
xf8jen,1
u2014a,2
exclusive,3
blockey,1
revolights,1
xa35,1
wynd,1
midnight,1
canary,1
canard,1
worship,1
aumi,1
foldable,1
wallace,1
apex,4
nimb,1
coordinates,1
chalice,1
platform,8
offers,1
happened,2
lonely,1
sacred,4
conversations,1
underneath,1
hamilton,1
pluggy,1
name,2
liquimetal,1
clutch,2
nycta,1
belts,2
possibilities,4
realistic,2
shoka,1
dtape,1
trunks,1
plant,2
galactic,1
sunrise,2
hacker,1
trygger,1
factory,3
zweih,1
theory,3
explorers,2
compression,1
oktoberfest,1
flare,1
100%,7
motion,7
turn,15
place,3
futuristic,4
1001,1
blood,3
coming,2
castar,1
simplified,1
george,2
engineer,1
peddler,3
mobilemount,1
molded,2
wishbone,1
doomrock,1
plastic,1
cooling,4
bounty,1
white,3
kiitag,1
gives,1
season,30
alan,2
alas,1
minimalistic,2
copy,1
holder,5
wide,1
timbermine,1
openrov,1
legacy,5
smogberry,1
cards,57
compendium,3
sells,1
superman,1
prosperity,1
pulido,1
wanderer,1
u201cbigger,1
ideas,4
phillips,2
gotham,1
animation,6
thermometer,5
dwarvenite,1
boardgamegeek,1
tornado,1
hangkey,1
egyptian,2
icon,1
pencils,1
shooter,2
cortex,2
luxor,2
corter,1
detective,2
rhlstp,1
forage,1
cheap,1
brubaker,1
u2606,2
hoverboard,1
piranha,1
crime,5
wood,7
woolet,1
hanley,1
nelo,1
jazz,2
overfall,1
tailor,1
lighter,3
dinocalypse,1
treachery,2
cautionary,1
freaking,2
reveal,1
aluminum,2
orphans,1
naked,3
bison,1
draft,2
turntable,3
surfaces,1
ways,1
review,1
weapons,1
outside,1
roadie,1
lexell,1
fearless,1
guitar,6
pens,2
cities,3
come,5
reaction,1
superstar,1
missions,2
quiet,1
eliasson,1
berry,1
duty,1
filtering,1
bricks,3
kazoo,1
robotics,1
colony,2
period,5
football,1
fireflies,1
jodorowsky,1
tropes,3
noisy,1
cordlite,1
axanar,2
howard,1
cinemetropolis,1
cords,3
laces,2
pikelet,1
airbolt,1
diskus,1
padlock,1
golchi,1
spirit,3
pilot,6
case,20
hughes,1
mount,13
mythica,5
cash,3
cast,6
lokbuild,1
slippers,1
vest,2
telephone,1
converts,1
zeds,1
unsounded,2
korengal,1
clipless,2
helmet,4
yooka,1
solidteknics,1
alphabet,2
fender,1
bowl,1
miipc,1
trip,2
subtitled,1
week,1
sentris,1
kelvin,1
driven,4
statue,1
changing,4
cartoon,1
inkbox,1
ringtool,1
magical,3
without,13
model,3
reward,2
ottolock,1
ninth,2
inception,1
kill,7
manse,1
kilo,1
guides,1
captured,3
digiscoping,1
rose,1
thimble,1
lightfreq,1
bryt,1
kingdom,9
kills,1
glitched,1
fridge,1
harmonic,1
tanto,1
cookoo,1
vanderslice,1
furniture,1
lockpicks,1
sievey,1
mycestro,1
bracelet,3
dynasties,1
tower,14
roll20,1
codlo,1
collapsible,3
nisolo,1
joking,1
simulator,7
myidkey,1
interlock,1
tarot,3
nautomatic,1
canteen,1
pinkerton,1
smartthings,1
tubshroom,1
legal,1
moon,5
porter,1
diced,1
fables,1
biofeedback,1
communicate,1
loudest,1
pooch,1
dicer,1
royale,1
dicey,1
journaling,1
google+,1
knite,1
stand,28
emotiv,1
amber,1
instruments,1
malifaux,1
rising,2
gary,1
feudal,1
buds,1
there,3
ryuutama,1
valley,1
energy,4
relic,2
illuminated,2
kittens,1
happeaest,1
ended,1
faster,5
xc7a,1
zeeq,1
grass,1
castles,1
toilet,3
taylor,2
wolcen,1
cinema,1
taste,1
karmaka,1
abyss,1
vinci,1
bulbing,2
swords,3
epicgrip,1
rubber,1
babylon,1
paddy,1
championship,1
collaborative,1
finale,1
midair,1
cove,1
cordless,1
brass,1
assassins,1
calls,4
wifi,11
gamefolio,1
paced,1
apparel,4
tanned,1
descartes,1
lace,1
chinese,2
screenstick,1
sluggers,1
spacecraft,1
moonlighter,1
follow,3
mining,1
earmuffs,1
digger,1
thursday,2
aaron,1
program,2
dreamcast,2
1080p,1
tethered,1
woman,1
worse,1
song,3
searzall,1
sons,1
worst,1
awful,1
aqualumina,1
geizeer,1
lastman,1
savlonic,2
beckey,1
toolcard,1
dexterity,2
rats,1
escalation,1
sondors,1
negotiator,2
invention,3
design,24
functioning,1
u2666,1
what,15
brien,1
eminent,3
overload,1
crush,1
cinemas,2
racing,1
guns,1
shouldn,1
taga,1
livestreaming,1
meater,1
keybiner,1
roomie,1
screens,2
sinkshroom,1
herring,2
environment,1
mancan,1
donuts,1
kerfluffles,1
u201d,1
markets,2
unforgotten,1
flat,1
almost,2
flap,1
hoffman,1
sorcery,3
domination,2
floyd,1
stick,9
glam,1
known,1
vraie,1
sentri,1
arist,1
sanandaji,1
pono,1
protects,1
ciclop,1
pong,2
goal,2
breaking,2
xa0accomplish,1
courg,1
goat,1
mould,1
sandwich,1
ubiquitous,1
flip,3
rogues,1
lighting,6
adventure,44
cults,1
short,3
clingies,1
marlon,1
stash,1
magkey,1
4dfx,1
essence,1
mission,2
zipgripgo,1
logan,1
reconnect,1
avenue,1
trouble,1
developer,4
style,12
abbey,2
prodigy,1
strange,1
snooperscope,1
soccer,1
devslopes,1
return,7
sucking,1
hunter,3
predator,1
blight,1
meowchi,1
hunted,1
bigger,2
mathematician,1
skulduggery,1
runequest,1
floatti,1
athletics,2
friendship,2
pirates,4
weight,3
generation,16
colder,1
inflates,1
organiser,3
duchess,1
loopy,1
dreadmire,1
imitone,1
riutbag,1
grimtooth,1
monocle,1
cups,1
laylee,1
hill,1
paradise,1
bomberco,1
fiber,5
friday,1
cookie,2
teach,1
thread,1
prejudice,1
circuit,1
ichiban,1
fallen,1
icoil,1
snotbot,1
dino,1
radical,1
fancy,1
feet,3
least,2
pablo,1
hexflex,1
story,43
grimm,1
nurugo,1
gourmet,1
interact,1
pagar,1
rails,2
infiniteusb,1
storm,2
dokiwatch,1
moar,1
store,1
pump,1
adonit,1
hotel,2
fidget,1
rifle,1
schon,1
king,9
kind,7
waterproofing,1
double,8
aims,1
outrageous,1
avoseedo,1
cuff,2
gobos,1
shmonikers,1
galt,1
storytelling,10
decadent,2
tyni,1
nights,1
drone,9
formbox,1
necronomicards,1
finding,2
unga,1
judas,1
electric,6
customize,1
amal,1
reach,3
reunited,1
yogventures,1
nothing,2
prestige,3
mineral,1
danielson,1
windows,4
meriwether,1
saloon,1
stones,1
spherical,1
programming,3
melody,1
font,2
embrace+,1
world`s,1
fakegrimlock,1
reflect360,1
smartwallit,1
commitstrip,1
skjutas,1
u0423,1
blynk,1
shepherd,1
lovecraftian,3
strongholds,1
meditations,1
alicia,1
blank,1
whistle,1
respeaker,1
fastest,3
restrap,1
polaroid,1
budapest,1
engraver,1
timeless,1
cartoons,1
activity,1
sustainable,4
scoville,2
reforged,1
bars,4
maxstone,1
airdog,1
defense,2
bard,1
sportswear,1
ripplebuds,1
holga,1
betabook,1
nailed,2
various,1
orbiting,1
corruption,1
solo,6
creating,2
silicone,1
sole,2
korey,1
prelude,2
orphanage,1
blazer,1
roman,1
neolucida,1
baseball,2
flies,1
guts,2
sweet,1
harbour,1
xtend,1
village,4
goats,1
keytool,1
political,1
strategy,17
nanofiber,1
armory,1
brick,2
armorz,1
smartcar,1
flight,1
pedals,1
arclighter,1
precision,9
softest,1
cinch,2
demand,3
plants,2
frozen,1
demon,5
awakening,2
ouya,3
goonies,2
shirt,8
minim,1
lengths,1
xf6dinger,1
eyewear,1
daughters,1
higher,1
sarvi,1
hdmipi,1
arrived,1
lower,1
kachula,1
edge,5
yearghh,1
breastfeeding,1
beddi,1
infinitas,1
competitive,2
earthward,1
continent,1
loading,1
tablet,9
inducing,1
finder,3
dirtbag,1
memobottle,1
phree,1
dvds,1
fieldwork,1
unlimited,7
shaped,1
shapes,3
collect,2
arthur,1
essential,3
play,16
streaming,4
litter,2
grenades,1
kirkstarter,1
wonderland,2
sauces,1
windowfarms,1
luxi,2
capos,1
retro,9
innovation,1
diceless,1
miito,1
ries,1
palmer,2
weis,1
zombie,9
intense,1
wrecking,1
standalone,1
entrepreneurs,1
range,3
ballgame,1
clubhouse,1
otaking,1
stitched,1
conquest,2
drifter,2
icebreaker,1
hexbright,1
microduino,1
canal,1
rephone,1
question,1
live,17
fast,7
smartbulb,1
andy,1
files,1
schlock,2
delta,4
vulfpeck,2
outpost,1
melee,1
fries,1
boards,1
pebblebee,3
fried,1
yufu,1
articulating,1
associates,1
rally,1
graham,1
steeper,1
rainbow,3
lemon,1
ferment,1
misadventures,1
nice,1
dale,1
smartipi,1
backbone,1
problems,1
helping,1
posters,2
relaunch,3
remix,5
happier,1
gosun,1
infoactive,1
nasa,4
thames,1
narrative,1
hoverboards,1
flykly,1
hooky,1
brassft,1
alien,5
issues,1
hooke,1
simon,1
battletech,1
guidelight,1
languages,1
breach,1
include,1
xa0that,1
lifepack,1
breathing,1
hdhomerun,1
bedrooms,3
bookniture,1
engineered,1
electron,1
drinking,6
posture,4
notes,1
settlers,2
smaller,1
metagame,2
lightest,5
fold,1
traveling,1
reunion,1
buccaneer,1
fermenting,1
makers,5
kris,2
find,4
waiting,1
tremulus,1
misen,1
cozy,1
hdmi,1
kadi,1
kangaroo,1
circulator,1
wraps,1
explore,5
lowline,1
$100k,1
metro,2
shades,4
calvin,1
leaving,2
decibullz,2
writer,1
apple,11
dwarves,3
volt,1
aftermaster,1
dwarven,5
earphone,1
repopulation,1
from,61
stream,1
doodle,1
frog,1
clever,2
journalists,1
kgoal,1
impress,1
virulence,1
unshelved,1
women,8
getting,2
anywhere,12
stabilizes,1
stabilizer,1
jambox,1
patrol,2
something,6
zero_day,1
limefuel,2
traders,1
brian,2
panic,1
banned,1
polysmooth,1
mystifying,1
smartgrid,1
outlier,1
masks,1
u5c18,1
smartgrip,1
wrist,3
sculptures,1
light,51
pancakebot,1
straps,3
wwii,1
kodiak,1
farming,3
nanogame,1
trinus,1
badger,1
superior,2
midgard,1
wilderness,1
nostalgia,1
permanent,1
choose,1
spellbook,2
jukebox,1
pending,1
crash,2
flour,2
practice,3
emerald,1
fanbook,1
worlds,15
trimmer,1
edit,1
utilisable,1
rockets,1
trap,1
hotline,2
tray,2
studios,4
geiger,1
ambassadors,1
aquasphere,1
frontier,2
chaos,1
integrated,2
sculpting,1
studio4,1
dictionary,4
trunkster,1
pours,1
ipod,7
basslet,1
molly,2
keewifi,1
york,2
nuia,1
pixabay,1
organic,1
ultrafine,1
phrases,1
adrian,1
apps,1
echo,1
slidenjoy,1
esp8266,1
xe9ans,1
unknown,1
their,1
boie,1
drool,1
shell,3
u300csanjiten,1
folktales,1
academy,3
kickstarting,1
slider,2
july,1
goblin,1
infectious,1
dynamo,1
150x,1
clip,7
skinners,1
agency,1
lopy,1
bagel,2
nightcry,1
combat,6
collaboration,1
multimeter,1
spacesuit,1
delve,1
class,2
grimrock,1
pipe,1
movie,19
swarming,1
fief,1
stormfly,1
please,2
stove,2
chapters,1
hardcover,2
obdlink,1
aurisonics,1
cheetahmen,1
fear,1
bobine,1
feat,1
debate,1
lightpack,2
filmed,1
mugs,1
cache,1
combo,2
piano,1
earbud,2
unchained,1
massacre,1
qooqi,1
ones,3
svpply,1
words,2
chips,1
heretic,1
ellum,1
colo,1
foobler,1
masaaki,1
generations,3
available,2
modulo,1
ogre,1
mechanicsburg,1
popup,1
cyberpunk,3
gmail,2
closer,1
failsafe,1
closet,1
magsphere,1
xray,2
genius,5
closed,1
limit,1
baselayer,1
pants,6
brewing,1
conclave,1
bleduino,1
swift,5
memento,1
piece,2
norbert,1
budgeting,1
nespresso,1
saurian,1
grain,1
grail,1
tactical,12
canopy,1
safely,1
commando,1
traction,1
wall,6
walk,2
walt,1
table,6
awesomifier,1
jenny,1
amigo,1
hunters,3
storyteller,2
amiga,5
gopro,6
trebuchette,1
dicky,1
numenera,5
filippo,1
penny,5
xmachines,1
dressers,1
last,18
present,1
twist,5
unlike,1
vanilla,1
choices,1
will,15
stunning,2
fingertip,1
wild,5
cutter,3
mutant,4
arcadian,1
rooster,1
dual,4
lightweight,1
hocus,1
nobowl,1
vintage,4
rekonect,1
cross,2
unite,1
unity,1
largest,2
inch,2
allomancy,1
gets,2
contactless,2
disciple,2
spirited,1
trebuchet,1
promo,1
romeo,2
beast,1
student,1
pedal,1
whale,3
collar,2
valeria,3
celtic,3
blazar,1
fighting,6
kilforth,1
musopen,1
english,3
conquer,2
crowfall,1
tyny,1
lightbulb,1
rocket,3
necromancer,1
ezstax,1
electroluminescent,1
batteries,3
fishing,1
olloclip,1
happiness,3
rapid,2
console,4
drunk,1
discuss,1
book,76
jars,1
myth,3
masquerade,1
masquerada,1
treehouse,1
waveport,1
know,2
knot,2
denser,1
press,5
redesign,1
knox,1
safest,1
loses,1
vortex,1
stylus,15
nomiku,2
because,1
skreens,1
scared,1
platforms,1
empire,6
disrupting,1
leaf,1
lead,1
leah,1
thank,3
markers,1
leader,1
weaving,1
throne,1
rare,1
extension,2
linger,1
universe,7
shipping,2
epiphany,1
carrier,1
sweat,1
emperor,1
warranty,1
spixi,1
travelers,1
qlipter,1
automat,1
headphone,3
weather,6
promise,1
brush,5
resiste,1
sabre,1
nuka,2
bitsbox,1
nuki,1
microgame,6
volume,26
automated,2
bradley,1
mottainai,1
tactics,5
temp,1
record,10
below,1
skyshine,1
cake,1
lightcase,1
mesozoic,1
horrific,1
krosmaster,2
xa0custom,1
lobotomy,1
incredible,2
guitarist,1
boot,2
other,4
concealable,1
boom,2
nanotips,1
lance,2
xa0the,1
margaret,2
minidrive,1
podo,2
firestorm,1
